nome,acuracia,erro,fator_qual,fator_erro
Tpot0,0.7921632576528412,0.06988156204205716,0.16588413625891604,0.2323820973043495
Tpot1,0.7945989614894697,0.06821008883494867,0.1714835767680777,0.22179688446933501
Tpot2,0.8031800357453219,0.06567101015652349,0.17904704131134871,0.20764867609072413
Tpot3,0.8414731043561845,0.0565873470167727,0.08298193452095466,0.09735723874233108
Tpot4,0.799884797959566,0.06949031583025651,0.15831984946438069,0.21923508141443354
Tpot5,0.7558567345235037,0.0723254502946456,0.17779507312174697,0.26058109308257
Tpot6,0.8024169965952003,0.07082211307967962,0.0038836231963139123,0.10203426132398592
Tpot7,0.8293008200848662,0.09044636482663292,0.03780744203056362,0.06627264399660222
