nome,acuracia,erro,fator_qual,fator_erro
Tpot0,0.8096934403317116,0.02491267706839589,0.06364914408800915,0.0371858646914375
Tpot1,0.781291683381948,0.019259890472521395,0.019427414189675207,0.04560625288951175
Tpot2,0.6670184286485251,0.1048828349822754,0.1390101785475642,0.11958511867100209
Tpot3,0.804272642410996,0.02606525636056568,0.07153294094411851,0.06095799968716725
Tpot4,0.8016531422797362,0.02113890103198214,0.03619058479297788,0.039056021118424156
Tpot5,0.8156497960321664,0.02276917351762562,0.0578004635464477,0.04387115652179431
Tpot6,0.7895019734378967,0.02183038619397143,0.44022248045236956,0.05576574417155994
Tpot7,0.8086049209086494,0.025816027236013804,0.19105208416298786,0.048039573262133414
