nome,acuracia,erro,fator_qual,fator_erro
Tpot0,0.5151909404975377,0.006278959974778683,31.913186033627845,13.197337476400453
Tpot1,0.5895923629193534,0.02504831066267371,4.515361815489221,1.2889287472630866
Tpot2,0.5210286769976622,0.006304206024339361,22.77621048993298,6.834678682978439
Tpot3,0.5187087499468422,0.005263658308016616,25.724514039785852,7.242991681991747
Tpot4,0.523637621381877,0.025623096640876638,,0.0
Tpot5,0.5990858282761583,0.021017905707603056,4.0459511649612185,0.8836563116360293
Tpot6,0.5150294175751707,0.006252882383262392,32.26690792377884,13.43086304125804
Tpot7,0.5914082930399946,0.025399810222069365,2.3261787197154784,0.6713700363584543
