nome,acuracia,erro,fator_qual,fator_erro
Tpot0,0.632634231328231,0.022579848087681896,1.6890052825135942,0.31754274357148704
Tpot1,0.6318655665069952,0.021023363630842673,1.7153630650995408,0.29103731373207364
Tpot2,0.6269713768999665,0.023003853601720005,1.7741109343992014,0.3464144991927683
Tpot3,0.5363708806436127,0.04192140435788778,,0.0
Tpot4,0.5563672529688477,0.052547359782958145,2.145434084338975,2.025718318705404
Tpot5,0.634778253904646,0.01981260644996952,1.6789029573735224,0.2743134541297575
Tpot6,0.6278781405848705,0.02853837161308473,1.7658728200170535,0.41046377727820427
Tpot7,0.6357754128518536,0.019678805854354692,1.6375624972584866,0.26163037685128865
